{
  "timestamp": "2025-11-10T05:41:52.449399",
  "service_name": "frontend",
  "training_samples": 2452,
  "test_samples": 613,
  "lstm_seq_len": 60,
  "rf_hyperparams": {
    "n_estimators": 300,
    "min_samples_split": 2,
    "min_samples_leaf": 2,
    "max_features": 0.5,
    "max_depth": 30,
    "class_weight": "balanced"
  },
  "rf_metrics": {
    "accuracy": 0.7455138662316476,
    "precision": 0.5367647058823529,
    "recall": 0.4397590361445783,
    "f1": 0.48344370860927155,
    "roc_auc": 0.802646828926444,
    "confusion_matrix": [
      [
        384,
        63
      ],
      [
        93,
        73
      ]
    ],
    "optimal_threshold": 0.7
  },
  "lstm_clf_metrics": null,
  "lstm_reg_metrics": null,
  "prophet_metrics": {
    "mae": 0.26411461648212253,
    "rmse": 0.39782585371439744,
    "mse": 0.15826540988358914,
    "r2": -0.057758923345914814,
    "directional_accuracy": 0.696078431372549
  },
  "hybrid_metrics": null
}