{
  "timestamp": "20251218_105627",
  "service_name": "emailservice",
  "scaler_type": "standard",
  "rf_clf_metrics": {
    "accuracy": 0.9565217391304348,
    "precision": 0.9246575342465754,
    "recall": 0.9,
    "f1": 0.9121621621621622,
    "roc_auc": 0.9855654761904763,
    "confusion_matrix": [
      [
        437,
        11
      ],
      [
        15,
        135
      ]
    ],
    "optimal_threshold": 0.7
  },
  "rf_reg_metrics": null,
  "lstm_clf_metrics": {
    "accuracy": 0.7472118959107806,
    "precision": 0.8119561184270403,
    "recall": 0.7472118959107806,
    "f1": 0.6511778953594494,
    "roc_auc": 0.8264494998672214,
    "confusion_matrix": [
      [
        395,
        0
      ],
      [
        136,
        7
      ]
    ],
    "optimal_threshold": 0.7
  },
  "lstm_reg_metrics": null,
  "prophet_metrics": {
    "mae": 0.1381400042578208,
    "rmse": 0.281013470581224,
    "r2": 0.03481852030862076,
    "directional_accuracy": 0.4020100502512563
  },
  "hybrid_3way_metrics": null,
  "lstm_seq_len": 60,
  "training_samples": 2390,
  "test_samples": 598,
  "model_dir": "trained_models/emailservice/20251218_105627"
}