{
  "timestamp": "2025-11-10T07:11:25.173959",
  "service_name": "frontend",
  "scaler_type": "robust",
  "rf_metrics": {
    "accuracy": 0.6166394779771615,
    "precision": 0.6426905188907176,
    "recall": 0.6166394779771615,
    "f1": 0.6148571650363416,
    "confusion_matrix": [
      [
        187,
        57,
        53
      ],
      [
        15,
        136,
        15
      ],
      [
        30,
        65,
        55
      ]
    ],
    "classification_report": "              precision    recall  f1-score   support\n\n      Normal       0.81      0.63      0.71       297\n    Increase       0.53      0.82      0.64       166\n    Decrease       0.45      0.37      0.40       150\n\n    accuracy                           0.62       613\n   macro avg       0.59      0.61      0.58       613\nweighted avg       0.64      0.62      0.61       613\n"
  },
  "lstm_metrics": {
    "accuracy": 0.3938814531548757,
    "precision": 0.44139542528292386,
    "recall": 0.3938814531548757,
    "f1": 0.39935219850099324,
    "confusion_matrix": [
      [
        88,
        89,
        75
      ],
      [
        33,
        73,
        40
      ],
      [
        32,
        48,
        45
      ]
    ],
    "classification_report": "              precision    recall  f1-score   support\n\n      Normal       0.58      0.35      0.43       252\n    Increase       0.35      0.50      0.41       146\n    Decrease       0.28      0.36      0.32       125\n\n    accuracy                           0.39       523\n   macro avg       0.40      0.40      0.39       523\nweighted avg       0.44      0.39      0.40       523\n"
  },
  "lstm_seq_len": 90,
  "training_samples": 2452,
  "test_samples": 613,
  "class_distribution_train": {
    