{
  "timestamp": "2025-12-18T08:27:31.179500",
  "service_name": "recommendationservice",
  "scaler_type": "standard",
  "rf_clf_metrics": {
    "accuracy": 0.9714765100671141,
    "precision": 0.9424460431654677,
    "recall": 0.9357142857142857,
    "f1": 0.9390681003584229,
    "roc_auc": 0.9840382205513785,
    "confusion_matrix": [
      [
        448,
        8
      ],
      [
        9,
        131
      ]
    ],
    "optimal_threshold": 0.7
  },
  "rf_reg_metrics": null,
  "lstm_clf_metrics": {
    "accuracy": 0.8171641791044776,
    "precision": 0.8049280623907491,
    "recall": 0.8171641791044776,
    "f1": 0.7979669961388504,
    "roc_auc": 0.8754641909814324,
    "confusion_matrix": [
      [
        385,
        21
      ],
      [
        77,
        53
      ]
    ],
    "optimal_threshold": 0.7
  },
  "lstm_reg_metrics": null,
  "prophet_metrics": {
    "mae": 0.1353181014947068,
    "rmse": 0.27187030398875695,
    "r2": 0.019983402764001124,
    "directional_accuracy": 0.426890756302521
  },
  "hybrid_3way_metrics": null,
  "lstm_seq_len": 60,
  "training_samples": 2384,
  "test_samples": 596
}