{
  "timestamp": "2025-11-10T07:25:13.976825",
  "service_name": "frontend",
  "scaler_type": "power",
  "rf_clf_metrics": {
    "accuracy": 0.7748776508972267,
    "precision": 0.6428571428571429,
    "recall": 0.3795180722891566,
    "f1": 0.4772727272727273,
    "roc_auc": 0.8392428775504703,
    "confusion_matrix": [
      [
        412,
        35
      ],
      [
        103,
        63
      ]
    ],
    "optimal_threshold": 0.7
  },
  "rf_reg_metrics": null,
  "lstm_clf_metrics": {
    "accuracy": 0.7208413001912046,
    "precision": 0.5196121800613464,
    "recall": 0.7208413001912046,
    "f1": 0.6039048226046314,
    "roc_auc": 0.5863885759965117,
    "confusion_matrix": [
      [
        377,
        0
      ],
      [
        146,
        0
      ]
    ],
    "optimal_threshold": 0.7
  },
  "lstm_reg_metrics": null,
  "prophet_metrics": {
    "mae": 0.23419523247222382,
    "rmse": 0.37608484946742593,
    "r2": 0.05469410224378579,
    "directional_accuracy": 0.434640522875817
  },
  "hybrid_3way_metrics": null,
  "lstm_seq_len": 90,
  "training_samples": 2452,
  "test_samples": 613
}