{
  "timestamp": "20251218_103726",
  "service_name": "cartservice",
  "scaler_type": "standard",
  "rf_clf_metrics": {
    "accuracy": 0.7646048109965635,
    "precision": 0.9166666666666666,
    "recall": 0.07482993197278912,
    "f1": 0.13836477987421383,
    "roc_auc": 0.7886777699585582,
    "confusion_matrix": [
      [
        434,
        1
      ],
      [
        136,
        11
      ]
    ],
    "optimal_threshold": 0.7
  },
  "rf_reg_metrics": null,
  "lstm_clf_metrics": {
    "accuracy": 0.7260536398467433,
    "precision": 0.6342419931349152,
    "recall": 0.7260536398467433,
    "f1": 0.6532640974399628,
    "roc_auc": 0.5192792018898499,
    "confusion_matrix": [
      [
        371,
        20
      ],
      [
        123,
        8
      ]
    ],
    "optimal_threshold": 0.7
  },
  "lstm_reg_metrics": null,
  "prophet_metrics": {
    "mae": 0.21075538866160937,
    "rmse": 0.36527966816617463,
    "r2": 0.003322818590308585,
    "directional_accuracy": 0.5094664371772806
  },
  "hybrid_3way_metrics": null,
  "lstm_seq_len": 60,
  "training_samples": 2326,
  "test_samples": 582,
  "model_dir": "trained_models/cartservice/20251218_103726"
}