{
  "timestamp": "20251218_104713",
  "service_name": "currencyservice",
  "scaler_type": "standard",
  "rf_clf_metrics": {
    "accuracy": 0.8835489833641405,
    "precision": 0.5263157894736842,
    "recall": 0.15625,
    "f1": 0.24096385542168675,
    "roc_auc": 0.8875131027253669,
    "confusion_matrix": [
      [
        468,
        9
      ],
      [
        54,
        10
      ]
    ],
    "optimal_threshold": 0.7
  },
  "rf_reg_metrics": null,
  "lstm_clf_metrics": {
    "accuracy": 0.8898128898128899,
    "precision": 0.791766978877166,
    "recall": 0.8898128898128899,
    "f1": 0.8379316102088379,
    "roc_auc": 0.5945600423205784,
    "confusion_matrix": [
      [
        428,
        0
      ],
      [
        53,
        0
      ]
    ],
    "optimal_threshold": 0.7
  },
  "lstm_reg_metrics": null,
  "prophet_metrics": {
    "mae": 0.11925132223242194,
    "rmse": 0.28066528096158055,
    "r2": 0.008154409492196812,
    "directional_accuracy": 0.5074074074074074
  },
  "hybrid_3way_metrics": null,
  "lstm_seq_len": 60,
  "training_samples": 2163,
  "test_samples": 541,
  "model_dir": "trained_models/currencyservice/20251218_104713"
}