{
  "timestamp": "20251218_110251",
  "service_name": "adservice",
  "scaler_type": "standard",
  "rf_clf_metrics": {
    "accuracy": 0.9047619047619048,
    "precision": 0.8571428571428571,
    "recall": 0.1016949152542373,
    "f1": 0.18181818181818182,
    "roc_auc": 0.7566061657547044,
    "confusion_matrix": [
      [
        507,
        1
      ],
      [
        53,
        6
      ]
    ],
    "optimal_threshold": 0.7
  },
  "rf_reg_metrics": null,
  "lstm_clf_metrics": {
    "accuracy": 0.8895463510848126,
    "precision": 0.7912927107283048,
    "recall": 0.8895463510848126,
    "f1": 0.8375478169921723,
    "roc_auc": 0.6772648083623694,
    "confusion_matrix": [
      [
        451,
        0
      ],
      [
        56,
        0
      ]
    ],
    "optimal_threshold": 0.7
  },
  "lstm_reg_metrics": null,
  "prophet_metrics": {
    "mae": 0.12767335711561045,
    "rmse": 0.21645243768721356,
    "r2": -0.10161659287255187,
    "directional_accuracy": 0.5954063604240283
  },
  "hybrid_3way_metrics": null,
  "lstm_seq_len": 60,
  "training_samples": 2266,
  "test_samples": 567,
  "model_dir": "trained_models/adservice/20251218_110251"
}